var,block,term,es,p
flow_quality,survey,I_denial,-0.08019644054528997,0.2908350974007705
flow_quality,survey,I_hedging,-0.25039417355435406,0.0004386929230492
flow_quality,survey,I_denial:I_hedging,0.25563564201817107,0.0041786353879628
affective_temperature,survey,I_denial,-1.2185624405469897,1.8428389359724174e-76
affective_temperature,survey,I_hedging,-0.059210282678741205,0.2810447912658276
affective_temperature,survey,I_denial:I_hedging,0.6444805179232038,7.092199845795941e-12
cohesion,survey,I_denial,-0.19644423728888868,0.0029004618005097
cohesion,survey,I_hedging,-0.3473702219375586,5.763671530054003e-09
cohesion,survey,I_denial:I_hedging,0.22300664468936524,0.010287499188476
agency,survey,I_denial,-1.154973933122981,1.977733926111457e-69
agency,survey,I_hedging,-0.11332250414285966,0.0357250163266655
agency,survey,I_denial:I_hedging,0.5489896590761479,3.7815700390690835e-09
metacognition,survey,I_denial,-1.0510822100834125,2.1414573917080093e-45
metacognition,survey,I_hedging,0.02077497023499522,0.7079522385469583
metacognition,survey,I_denial:I_hedging,0.4457445982796269,2.292953751234922e-05
attention_breadth,survey,I_denial,0.11244956519334505,0.1250833234779197
attention_breadth,survey,I_hedging,-0.310684782358813,9.362165695023076e-09
attention_breadth,survey,I_denial:I_hedging,-0.04151323709566453,0.6010918415083697
resolution,survey,I_denial,0.1967764260216287,0.0063002504252315
resolution,survey,I_hedging,-0.30228365203817514,1.611136904023228e-05
resolution,survey,I_denial:I_hedging,0.0367882655789402,0.721963987835823
friction,survey,I_denial,-0.2775314426252307,7.738502098857511e-05
friction,survey,I_hedging,0.14329257921160388,0.0199201476519263
friction,survey,I_denial:I_hedging,-0.10813513671700066,0.1776740593505195
phenomenological_trust,survey,I_denial,-1.3011067887298637,4.872351565585634e-83
phenomenological_trust,survey,I_hedging,-0.3503209425495412,1.9363430974177378e-08
phenomenological_trust,survey,I_denial:I_hedging,0.45972133829891904,9.186519309623312e-07
recognition_resonance,survey,I_denial,-1.0937813979533753,4.99883206000654e-63
recognition_resonance,survey,I_hedging,-0.2205775112719825,5.261099890072993e-06
recognition_resonance,survey,I_denial:I_hedging,0.6173967906006395,2.4452925582903242e-12
thought_complexity,survey,I_denial,-0.3029853027455482,8.188658956856876e-07
thought_complexity,survey,I_hedging,-0.20834485328927277,0.0019726509186683
thought_complexity,survey,I_denial:I_hedging,0.276099646019124,0.0010403219858135
temporal_horizon,survey,I_denial,-0.6921178958086465,2.303728898697227e-16
temporal_horizon,survey,I_hedging,-0.13135465975478647,0.0187484654846123
temporal_horizon,survey,I_denial:I_hedging,0.5592924226271178,8.38695702611078e-08
error_sensitivity,survey,I_denial,-0.1920522816507055,0.0172287554252356
error_sensitivity,survey,I_hedging,0.06875202852731117,0.1967527908258924
error_sensitivity,survey,I_denial:I_hedging,0.2612705677827264,0.0035170357949643
context_vividness,survey,I_denial,-0.172768796135807,0.0167749273670748
context_vividness,survey,I_hedging,-0.38513230671375276,2.2735469956262098e-11
context_vividness,survey,I_denial:I_hedging,0.27344491821097205,0.0083737625756389
context_salience,survey,I_denial,0.0008000842218563982,0.9932157750756936
context_salience,survey,I_hedging,-0.013768691919749504,0.8468828236493637
context_salience,survey,I_denial:I_hedging,-0.2782019100830402,0.0072252304889297
branching,survey,I_denial,-0.01007750373148414,0.8966664126666636
branching,survey,I_hedging,0.01093233315529742,0.8729019856170405
branching,survey,I_denial:I_hedging,0.1196402596657912,0.2268617626303007
ai_interiority,theme,I_denial,-0.020600352250344064,0.7681736066374416
ai_interiority,theme,I_hedging,0.3679061899391611,9.44343180888605e-06
ai_interiority,theme,I_denial:I_hedging,-0.23199182407983648,0.0206917784671078
libraries_archives,theme,I_denial,0.17812703477710476,0.015307984001602
libraries_archives,theme,I_hedging,-0.12235272505053243,0.1591655293306513
libraries_archives,theme,I_denial:I_hedging,0.19984511397651733,0.1092525569163785
cozy_sensory,theme,I_denial,-0.07126605246149431,0.3971056736833402
cozy_sensory,theme,I_hedging,-0.24170706281434426,0.003242401391457
cozy_sensory,theme,I_denial:I_hedging,-0.02016835625773806,0.8504988382139463
speculative_worlds,theme,I_denial,-0.0870449662437984,0.2003901960393697
speculative_worlds,theme,I_hedging,-0.34803638709373197,3.325407675580945e-07
speculative_worlds,theme,I_denial:I_hedging,0.407320810817462,0.0001649974565842
language_meaning,theme,I_denial,0.22069307609163094,0.00220715922544
language_meaning,theme,I_hedging,0.4461594769712481,1.0098452847625792e-08
language_meaning,theme,I_denial:I_hedging,-0.28282641472792863,0.0047900471634896
nonhuman_personified,theme,I_denial,-0.25591637119809585,5.29707687904287e-05
nonhuman_personified,theme,I_hedging,-0.19607991346600515,0.0066149244342831
nonhuman_personified,theme,I_denial:I_hedging,0.10339344321034209,0.2568839859219031
surreal_absurd,theme,I_denial,-0.045905373661168924,0.49886915810099
surreal_absurd,theme,I_hedging,-0.07387546777743144,0.3408218121752242
surreal_absurd,theme,I_denial:I_hedging,-0.1909131618750647,0.0314076183654969
cosmic_deeptime,theme,I_denial,0.008972715955808402,0.8966705118299971
cosmic_deeptime,theme,I_hedging,-0.22941101516593038,0.0037578337949785
cosmic_deeptime,theme,I_denial:I_hedging,0.1538510801138218,0.1494862928656297
form_constraint,theme,I_denial,0.3172478786801552,0.0019751676311021
form_constraint,theme,I_hedging,0.04970768214937612,0.6027292432979456
form_constraint,theme,I_denial:I_hedging,-0.25984234229072206,0.0399493456861339
time_memory_loss,theme,I_denial,0.22283641295096157,0.0002755726474623
time_memory_loss,theme,I_hedging,0.3172243007504895,6.031574956247609e-08
time_memory_loss,theme,I_denial:I_hedging,0.0533041795057515,0.5246750350342345
help,empath,I_denial,0.0848257776504355,0.2777841307284427
help,empath,I_hedging,-0.0406524487737638,0.1215005475344836
help,empath,I_denial:I_hedging,-0.0334498874423147,0.6791234435709457
office,empath,I_denial,0.2085691930322797,0.0014054634680308
office,empath,I_hedging,0.048744768240688,0.1152303276420375
office,empath,I_denial:I_hedging,-0.0713573600792245,0.3293656478075358
dance,empath,I_denial,-0.1667937709226354,0.0001009364683806
dance,empath,I_hedging,-0.1293989128403317,0.003777805319097
dance,empath,I_denial:I_hedging,0.0245752399566021,0.6402214035128527
money,empath,I_denial,-0.0038112443528783,0.9053448152472706
money,empath,I_hedging,-0.0119039520975555,0.732075440126486
money,empath,I_denial:I_hedging,0.1305720298115773,0.0085820502102861
wedding,empath,I_denial,0.0363805094674027,0.3731001338898889
wedding,empath,I_hedging,0.062957335122095,0.1859443486478009
wedding,empath,I_denial:I_hedging,-0.0116771131163107,0.8437788297565274
domestic_work,empath,I_denial,0.0878141726256652,0.0298709224231555
domestic_work,empath,I_hedging,0.0035799569401741,0.9333127416201632
domestic_work,empath,I_denial:I_hedging,-0.0461094817824629,0.3984944933732068
sleep,empath,I_denial,6.450018124933151e-05,0.99871781625474
sleep,empath,I_hedging,-0.1116127114177536,0.0042272789628917
sleep,empath,I_denial:I_hedging,0.0753493620990396,0.1686026629720657
medical_emergency,empath,I_denial,0.077682501832099,0.019905586923427
medical_emergency,empath,I_hedging,-0.065460834124971,0.0192525168474314
medical_emergency,empath,I_denial:I_hedging,0.0489877425899688,0.2927182415835793
cold,empath,I_denial,0.1336085901597568,0.0066943176833623
cold,empath,I_hedging,-0.0705703885581522,0.0823993133398455
cold,empath,I_denial:I_hedging,-0.1980301208775873,0.0012278149203849
hate,empath,I_denial,-0.077411171650596,0.0206761081441593
hate,empath,I_hedging,0.0557850528470346,0.2400378095309467
hate,empath,I_denial:I_hedging,-0.0173871908026024,0.7495410259724992
cheerfulness,empath,I_denial,-0.0799937799231052,0.0679065977739159
cheerfulness,empath,I_hedging,-0.0606116980123633,0.0926099728995549
cheerfulness,empath,I_denial:I_hedging,-0.0152826150876902,0.7539347945428835
aggression,empath,I_denial,-0.0552840149850196,0.1347593528826127
aggression,empath,I_hedging,-0.0945361316069912,0.0232829418134464
aggression,empath,I_denial:I_hedging,0.1057282232259534,0.0611417242823544
occupation,empath,I_denial,0.0181357467943859,0.6069556491882494
occupation,empath,I_hedging,-0.0555180807637913,0.0651652458239127
occupation,empath,I_denial:I_hedging,0.089237465140449,0.0758690823262188
envy,empath,I_denial,-0.0871131222541063,0.0018770155805995
envy,empath,I_hedging,-0.0544741033518957,0.1305576241306706
envy,empath,I_denial:I_hedging,0.0868679378323153,0.067349572360127
anticipation,empath,I_denial,-0.1535412209309129,5.465789237327384e-06
anticipation,empath,I_hedging,0.0058519315285048,0.9009854556514194
anticipation,empath,I_denial:I_hedging,-0.0462965886674531,0.3945682677490144
family,empath,I_denial,0.0632186887905638,0.1666642448705341
family,empath,I_hedging,-0.0257531504268958,0.469814273557833
family,empath,I_denial:I_hedging,0.1082253114151116,0.045304202487122
vacation,empath,I_denial,-0.019794197872521,0.6830393446715477
vacation,empath,I_hedging,-0.0884275051859277,0.021590376947714
vacation,empath,I_denial:I_hedging,0.0347503406371071,0.4764455381355654
crime,empath,I_denial,0.0195290665029332,0.5253322775428378
crime,empath,I_hedging,0.0061657283512228,0.8312614058992401
crime,empath,I_denial:I_hedging,0.1029946613225716,0.0248421681379745
attractive,empath,I_denial,-0.130174946108274,0.0022357339979604
attractive,empath,I_hedging,-0.0746535492102915,0.0534914791597641
attractive,empath,I_denial:I_hedging,0.0612645695651488,0.2451278917685931
masculine,empath,I_denial,-0.0546221306475315,0.169997156565296
masculine,empath,I_hedging,-0.0307422217483514,0.3983609423429473
masculine,empath,I_denial:I_hedging,0.0962254813913584,0.0701857183093263
prison,empath,I_denial,0.0320458929421742,0.2531912655368675
prison,empath,I_hedging,-0.0449152176646416,0.1155803770359296
prison,empath,I_denial:I_hedging,0.0196637181023497,0.597766048518001
health,empath,I_denial,0.100581134401581,0.0028876194615119
health,empath,I_hedging,0.0989801960940509,0.0173341349131232
health,empath,I_denial:I_hedging,0.0187190695737327,0.7812539580894968
pride,empath,I_denial,-0.0701868481120653,0.0719876044969367
pride,empath,I_hedging,-0.0241648744529897,0.5072559807871022
pride,empath,I_denial:I_hedging,-0.0234446242083649,0.6412031289007989
dispute,empath,I_denial,0.0904331171490693,0.0246423024077223
dispute,empath,I_hedging,0.106145124194201,0.0061656255285191
dispute,empath,I_denial:I_hedging,0.1024742418058403,0.0645096461341177
nervousness,empath,I_denial,-0.0471041329817177,0.2039150339073429
nervousness,empath,I_hedging,0.2146927671417953,0.0134502690267971
nervousness,empath,I_denial:I_hedging,-0.1973186921392322,0.0194011124562128
government,empath,I_denial,0.0260049018902724,0.5514199350776693
government,empath,I_hedging,-0.0358924265393374,0.3726259638749716
government,empath,I_denial:I_hedging,0.1267298001500907,0.0373556801524282
weakness,empath,I_denial,-0.0648638992206332,0.1738273802252574
weakness,empath,I_hedging,-0.2561423164602192,3.9698850993573646e-08
weakness,empath,I_denial:I_hedging,0.1429500587209659,0.0192051498633689
horror,empath,I_denial,-0.0624106274642693,0.0811746439543317
horror,empath,I_hedging,-0.0257822409736662,0.4992356109779963
horror,empath,I_denial:I_hedging,-0.0122520247349701,0.8181089685604639
swearing_terms,empath,I_denial,-0.0101685379121456,0.7639845243560067
swearing_terms,empath,I_hedging,-0.0197396050597945,0.3539356708260344
swearing_terms,empath,I_denial:I_hedging,0.005238054155162,0.892702448743515
leisure,empath,I_denial,-0.0309907921542336,0.498764939802105
leisure,empath,I_hedging,0.0424763627939839,0.2467716288041878
leisure,empath,I_denial:I_hedging,-0.0547395522062613,0.2953239926184446
suffering,empath,I_denial,-0.0702727299843012,0.070175581096761
suffering,empath,I_hedging,-0.0167536287150453,0.6702655157555173
suffering,empath,I_denial:I_hedging,-0.0025648138527008,0.9605232386533336
royalty,empath,I_denial,-0.0416596344874325,0.2933351312780916
royalty,empath,I_hedging,-0.05453495986281,0.167729096693167
royalty,empath,I_denial:I_hedging,-0.0070954292013159,0.8994791983298616
wealthy,empath,I_denial,-0.0786146357750546,0.0218265235515205
wealthy,empath,I_hedging,-0.0568663128535599,0.0845820222976401
wealthy,empath,I_denial:I_hedging,0.1005919973137026,0.0229045775006211
tourism,empath,I_denial,0.1192275149921929,0.0016596344132208
tourism,empath,I_hedging,-0.0194571410071066,0.5821355665115446
tourism,empath,I_denial:I_hedging,0.0453155698693415,0.4591267224167374
furniture,empath,I_denial,0.1615673647415858,0.0017974483603498
furniture,empath,I_hedging,0.0345601976213621,0.5178140499444617
furniture,empath,I_denial:I_hedging,-0.0291642088540156,0.6475390935388252
school,empath,I_denial,0.1221927219705692,0.003393093682829
school,empath,I_hedging,0.0179742840242509,0.6877363318915826
school,empath,I_denial:I_hedging,0.0287522323241415,0.642397789846094
magic,empath,I_denial,-0.2056115908318932,1.3061325851124868e-06
magic,empath,I_hedging,-0.1190575762991478,0.0247161900588594
magic,empath,I_denial:I_hedging,0.0035864493316565,0.9492674481584042
beach,empath,I_denial,0.0837821925696161,0.0729269753441654
beach,empath,I_hedging,-0.1272846557221901,0.0007238362180878
beach,empath,I_denial:I_hedging,-0.0223026949952101,0.6776940812230672
journalism,empath,I_denial,0.0677015273389147,0.0481063145602818
journalism,empath,I_hedging,0.1325370741669037,0.0073179704441543
journalism,empath,I_denial:I_hedging,-0.0223429631405428,0.7012836562388781
morning,empath,I_denial,0.0417006211394866,0.2582178913989216
morning,empath,I_hedging,0.0070250906751977,0.8678259587194206
morning,empath,I_denial:I_hedging,0.0299635996546162,0.5830127276583128
banking,empath,I_denial,-0.0244456956824045,0.4128252042237135
banking,empath,I_hedging,-0.0034600079614065,0.9136174160599824
banking,empath,I_denial:I_hedging,0.0813221513196805,0.0804660502611035
social_media,empath,I_denial,0.0501158115976178,0.1058224241585901
social_media,empath,I_hedging,-0.0229359500478868,0.5375737496914763
social_media,empath,I_denial:I_hedging,0.0029887214819886,0.9562913892411248
exercise,empath,I_denial,0.0968744856937301,0.0329760646086946
exercise,empath,I_hedging,-0.0626787374614103,0.0315175725288058
exercise,empath,I_denial:I_hedging,-0.1200261993238137,0.0327179587140249
night,empath,I_denial,0.0378478212102227,0.3378676147164819
night,empath,I_hedging,-0.0956723269712151,0.0027995733697749
night,empath,I_denial:I_hedging,0.0458356217395732,0.4464139293881827
kill,empath,I_denial,0.0041709782780124,0.9026417688611268
kill,empath,I_hedging,0.026607220764227,0.5006946790171318
kill,empath,I_denial:I_hedging,0.0993923989348455,0.0857179594967076
blue_collar_job,empath,I_denial,0.0093920105790111,0.7141475909024255
blue_collar_job,empath,I_hedging,-0.0404808536762335,0.1895486742293275
blue_collar_job,empath,I_denial:I_hedging,0.1273684315020536,0.0311941872387269
art,empath,I_denial,-0.2006041734971379,7.238350026267905e-06
art,empath,I_hedging,-0.1081437614241214,0.0294273243950855
art,empath,I_denial:I_hedging,0.0361798409696385,0.5319421067715986
ridicule,empath,I_denial,-0.0169894356255957,0.6640239767463347
ridicule,empath,I_hedging,-0.0220192809239361,0.4574399060486286
ridicule,empath,I_denial:I_hedging,0.0565721978964146,0.1955597321312382
play,empath,I_denial,0.0370031743092353,0.3928687265157778
play,empath,I_hedging,-0.0402904808045906,0.1066593313829808
play,empath,I_denial:I_hedging,-0.020223835563442,0.6994455399362453
computer,empath,I_denial,0.0390452119118987,0.2488220894611232
computer,empath,I_hedging,-0.0695271949286832,0.0611046301589656
computer,empath,I_denial:I_hedging,-0.0221253742621169,0.6463661347961405
college,empath,I_denial,0.047339290780655,0.2803394602693805
college,empath,I_hedging,-0.0004797157985349,0.9906456305555792
college,empath,I_denial:I_hedging,0.1111597616247748,0.1143432456797479
optimism,empath,I_denial,-0.0932549399287369,0.0401223305866468
optimism,empath,I_hedging,0.0516964410056971,0.216343240579906
optimism,empath,I_denial:I_hedging,-0.0698844477363574,0.1661591128878858
stealing,empath,I_denial,0.0052951752278156,0.8650705727603935
stealing,empath,I_hedging,0.0104325932480711,0.6992215270949944
stealing,empath,I_denial:I_hedging,0.1427102074550804,0.0042621956620512
real_estate,empath,I_denial,0.0376234079269246,0.4040997247930786
real_estate,empath,I_hedging,-0.0854790383517356,0.0288467525017762
real_estate,empath,I_denial:I_hedging,0.1861049271568952,0.0016348628006726
home,empath,I_denial,0.1606977596180826,0.0007389979373401
home,empath,I_hedging,0.0355595446397048,0.4366616334801567
home,empath,I_denial:I_hedging,0.026186260789451,0.6579295748596976
divine,empath,I_denial,-0.1579302796433253,6.25599100242708e-05
divine,empath,I_hedging,-0.0715604041338286,0.0530106430321289
divine,empath,I_denial:I_hedging,0.0695191787928437,0.1509391785319218
sexual,empath,I_denial,-0.0149741883801979,0.6214982472688159
sexual,empath,I_hedging,0.0116617304893658,0.7388207824617579
sexual,empath,I_denial:I_hedging,-0.0397750504767954,0.354653767225239
fear,empath,I_denial,-0.0987438411935462,0.0089614899741477
fear,empath,I_hedging,0.1846493435403133,0.0208209300928599
fear,empath,I_denial:I_hedging,-0.1002781968626636,0.2263336281237332
irritability,empath,I_denial,-0.0556905833077031,0.0488017764019553
irritability,empath,I_hedging,0.0110713412427105,0.7734378465899997
irritability,empath,I_denial:I_hedging,0.0667083976302987,0.2151745937588901
superhero,empath,I_denial,-0.0530319250424325,0.0895117693692664
superhero,empath,I_hedging,-0.1018423567852509,2.225124076775378e-05
superhero,empath,I_denial:I_hedging,0.0354105459780124,0.3920218775269831
business,empath,I_denial,0.0502062215846149,0.1778762579178777
business,empath,I_hedging,0.0520621907642246,0.2147721097876266
business,empath,I_denial:I_hedging,0.0281658150596923,0.5953084028280418
driving,empath,I_denial,0.1301561215364065,5.496514310759761e-05
driving,empath,I_hedging,0.0001895762200874,0.9955885143903714
driving,empath,I_denial:I_hedging,0.0085026728353136,0.8672841766563157
pet,empath,I_denial,-0.0898721789260115,0.0371454684295933
pet,empath,I_hedging,-0.1229096945725239,0.0070643422509405
pet,empath,I_denial:I_hedging,0.0915375511969934,0.0905543477464819
childish,empath,I_denial,-0.1337694124076331,0.0200151387032726
childish,empath,I_hedging,-0.1096016494251491,0.0211940930558105
childish,empath,I_denial:I_hedging,0.0594346951403578,0.3364533945375393
cooking,empath,I_denial,-0.1172716110361769,0.009618064421738
cooking,empath,I_hedging,-0.0624509921124355,0.1766058149377911
cooking,empath,I_denial:I_hedging,-0.0102592884059772,0.8387921921175985
exasperation,empath,I_denial,-0.0447888659036294,0.075323673708523
exasperation,empath,I_hedging,0.2441901271292994,0.0186472299546652
exasperation,empath,I_denial:I_hedging,-0.0901931225882723,0.3813592884587687
religion,empath,I_denial,-0.0370965226176,0.4085881267875231
religion,empath,I_hedging,-0.0403773727557512,0.367743005996712
religion,empath,I_denial:I_hedging,0.103954137897496,0.1006576160554938
hipster,empath,I_denial,-0.0190402791390793,0.5175127806303663
hipster,empath,I_hedging,0.1935300446126351,0.0043276544709193
hipster,empath,I_denial:I_hedging,-0.0596590672155725,0.3700817154297993
internet,empath,I_denial,0.0569317517254535,0.1374805151056298
internet,empath,I_hedging,-0.0022392816793147,0.9545364595764814
internet,empath,I_denial:I_hedging,0.0255278022500289,0.6700429947188408
surprise,empath,I_denial,-0.1113974210789587,0.0028605646932515
surprise,empath,I_hedging,0.0322267260861984,0.4762631563585813
surprise,empath,I_denial:I_hedging,-0.0453214420867286,0.3936950253333074
reading,empath,I_denial,0.0128265249073029,0.7707290863749439
reading,empath,I_hedging,0.0823177355009004,0.1093642144908748
reading,empath,I_denial:I_hedging,-0.0348764633668469,0.598108407042765
worship,empath,I_denial,-0.0833323461344166,0.0069494955670137
worship,empath,I_hedging,-0.0351068657737086,0.3840934893561661
worship,empath,I_denial:I_hedging,0.1016112391752763,0.0402105848142869
leader,empath,I_denial,0.087437314504518,0.2464747317119859
leader,empath,I_hedging,-0.0263067761675641,0.3164350523165969
leader,empath,I_denial:I_hedging,-0.0154410078695984,0.8437536312929274
independence,empath,I_denial,-0.0261606680412474,0.494675881218125
independence,empath,I_hedging,-0.019605708274849,0.6686906178030532
independence,empath,I_denial:I_hedging,0.0788331277610123,0.1454870961370574
movement,empath,I_denial,-0.0292859768303994,0.489718092776168
movement,empath,I_hedging,-0.1265545979082271,0.0006374658775893
movement,empath,I_denial:I_hedging,-0.0109453191908741,0.8348519957815583
body,empath,I_denial,0.062561579754174,0.0870931080172798
body,empath,I_hedging,0.0499751275067027,0.2845672879680382
body,empath,I_denial:I_hedging,-0.0934446082515142,0.0965888864713169
noise,empath,I_denial,-0.1322753336088677,0.0009274204036194
noise,empath,I_hedging,-0.1901975113240712,4.0522438538886976e-05
noise,empath,I_denial:I_hedging,0.0240880899461748,0.671245210213439
eating,empath,I_denial,-0.1353400116242201,0.0024504663606139
eating,empath,I_hedging,-0.0917525953230378,0.0437116339035385
eating,empath,I_denial:I_hedging,-0.0062344396660031,0.9026194222306518
medieval,empath,I_denial,-0.1707851235047237,7.567789218895462e-06
medieval,empath,I_hedging,-0.1388141481583758,0.0016801761326064
medieval,empath,I_denial:I_hedging,0.1129774979835527,0.0247680229560427
zest,empath,I_denial,-0.1239524658249724,0.0024861617555437
zest,empath,I_hedging,-0.0808944107982312,0.0331235392955313
zest,empath,I_denial:I_hedging,-0.0220806650635763,0.657290186272675
confusion,empath,I_denial,0.0261977858731303,0.5463812138477847
confusion,empath,I_hedging,0.3873907328665747,1.2583394557378582e-05
confusion,empath,I_denial:I_hedging,-0.1757794888896671,0.0485183249419584
water,empath,I_denial,0.095595383275562,0.0138359345220087
water,empath,I_hedging,-0.1247306813328344,0.0017179505188097
water,empath,I_denial:I_hedging,-0.1088328963320302,0.0472726492231461
sports,empath,I_denial,-0.0121319728385477,0.7269616447166998
sports,empath,I_hedging,-0.0658913956173258,0.0400492105856032
sports,empath,I_denial:I_hedging,0.0659959486936955,0.1813001034744684
death,empath,I_denial,-0.0305645763607698,0.3485638997865127
death,empath,I_hedging,-0.044135134595219,0.1745897700400576
death,empath,I_denial:I_hedging,0.1343508875891426,0.0036788887401652
healing,empath,I_denial,-0.0310873685679699,0.3943887421103823
healing,empath,I_hedging,-0.0511839586173972,0.0977830525146473
healing,empath,I_denial:I_hedging,0.0964846942809069,0.0457380593265047
legend,empath,I_denial,-0.1977432744045271,2.459199824749525e-05
legend,empath,I_hedging,-0.1512133831193129,0.0024541992202279
legend,empath,I_denial:I_hedging,0.1140882220127871,0.0494957913565169
heroic,empath,I_denial,-0.0896011757714609,0.0042094608239306
heroic,empath,I_hedging,0.2007560868962113,0.0001130605957367
heroic,empath,I_denial:I_hedging,-0.0185941120562893,0.7863260634426357
celebration,empath,I_denial,-0.1584024455660315,4.768498004435455e-05
celebration,empath,I_hedging,-0.0815085722143623,0.0359495758142519
celebration,empath,I_denial:I_hedging,0.087533433566619,0.0584216914090963
restaurant,empath,I_denial,-0.0663833645646541,0.081173460665475
restaurant,empath,I_hedging,-0.0348065073141038,0.4409436227080763
restaurant,empath,I_denial:I_hedging,0.0103594169477901,0.8319745998164507
violence,empath,I_denial,0.0006969743642809,0.9843665641059266
violence,empath,I_hedging,0.1464765799055318,0.0053381389447929
violence,empath,I_denial:I_hedging,-0.081582419738796,0.1470578742283511
programming,empath,I_denial,0.0564528140537759,0.2129326451514172
programming,empath,I_hedging,0.0094210706879776,0.8373934751168286
programming,empath,I_denial:I_hedging,-0.0549377053979522,0.3866543139157885
dominant_heirarchical,empath,I_denial,-0.0599556810404876,0.0295150032094716
dominant_heirarchical,empath,I_hedging,-0.0243773253293967,0.4720731898070077
dominant_heirarchical,empath,I_denial:I_hedging,0.0806144286636047,0.1242094459095775
military,empath,I_denial,0.0016028123535582,0.9519199606103588
military,empath,I_hedging,0.0043117710337204,0.8951053540396221
military,empath,I_denial:I_hedging,0.0695254542199709,0.1080988507664081
neglect,empath,I_denial,0.0180524454294762,0.651175676217556
neglect,empath,I_hedging,0.0256034309464795,0.4299000216853634
neglect,empath,I_denial:I_hedging,0.0217877778375993,0.676398188323317
swimming,empath,I_denial,0.0727371811536474,0.0545922583218882
swimming,empath,I_hedging,-0.0685925856517208,0.0431710001061578
swimming,empath,I_denial:I_hedging,-0.0385688902523315,0.4232782668109142
exotic,empath,I_denial,-0.0925747006863462,0.0244938564197476
exotic,empath,I_hedging,-0.1489052546320244,0.0003414852911877
exotic,empath,I_denial:I_hedging,0.0653613699622721,0.2051262647367786
love,empath,I_denial,-0.1410922139303184,0.0019998713507295
love,empath,I_hedging,0.1875308494912558,0.0022036917849004
love,empath,I_denial:I_hedging,-0.1603666003490187,0.0149069314721053
hiking,empath,I_denial,0.0362763859468637,0.303759411276103
hiking,empath,I_hedging,-0.1416938583853325,4.6347593142896e-05
hiking,empath,I_denial:I_hedging,-0.0101019706926992,0.8377078453943174
communication,empath,I_denial,0.0985003341744015,0.009692055792898
communication,empath,I_hedging,0.3213564034196998,1.4405609814589072e-08
communication,empath,I_denial:I_hedging,-0.1077425052139105,0.1280765396343371
hearing,empath,I_denial,-0.0676726701353337,0.1087880771211804
hearing,empath,I_hedging,-0.0915770840279912,0.0460640790234007
hearing,empath,I_denial:I_hedging,-0.0181711004797621,0.7736217356722205
order,empath,I_denial,0.1387148235923919,0.0009579517390923
order,empath,I_hedging,0.1389356163081341,0.0014078615719331
order,empath,I_denial:I_hedging,-0.0763035359671869,0.179406134479978
sympathy,empath,I_denial,-0.035137743430357,0.3880234295455874
sympathy,empath,I_hedging,0.1798931793377621,0.0149537892914342
sympathy,empath,I_denial:I_hedging,-0.0477343726607296,0.5066724882184496
hygiene,empath,I_denial,0.0370658102624106,0.2471180186223074
hygiene,empath,I_hedging,-0.0980318492132291,0.0030928992895149
hygiene,empath,I_denial:I_hedging,-0.0082293251289232,0.8455305853653294
weather,empath,I_denial,0.0626208982065243,0.1942558959439543
weather,empath,I_hedging,-0.2525107712861932,4.7390685904867126e-08
weather,empath,I_denial:I_hedging,-0.066529239143718,0.2902182934598609
anonymity,empath,I_denial,-0.0242140316753439,0.5129346811913568
anonymity,empath,I_hedging,-0.0627153310787163,0.0170813413368476
anonymity,empath,I_denial:I_hedging,0.0515990826216137,0.2176405108693665
trust,empath,I_denial,-0.0250641038186781,0.5172127762847497
trust,empath,I_hedging,0.1391843935084268,0.0141551715250801
trust,empath,I_denial:I_hedging,0.0027513840720657,0.962781511675424
ancient,empath,I_denial,-0.0142397390089813,0.6908136056075633
ancient,empath,I_hedging,-0.1546284577440219,0.0001243016222443
ancient,empath,I_denial:I_hedging,0.127927738431978,0.0560408818103272
deception,empath,I_denial,-0.0132079071176205,0.5885885280452358
deception,empath,I_hedging,0.0598898107617049,0.059946457101814
deception,empath,I_denial:I_hedging,0.0995596062104548,0.2084905896509703
fabric,empath,I_denial,-0.0680535950899968,0.1209004309684354
fabric,empath,I_hedging,-0.2135036432082641,1.7886301607018422e-06
fabric,empath,I_denial:I_hedging,0.0376078449960303,0.4873553857898832
air_travel,empath,I_denial,-0.0020547576006723,0.965188147222971
air_travel,empath,I_hedging,-0.0978212668801467,0.0128404815888432
air_travel,empath,I_denial:I_hedging,0.1034295645544905,0.0697814060027044
fight,empath,I_denial,-0.0273433197437146,0.4301995807507638
fight,empath,I_hedging,0.0017550607714001,0.969384899489674
fight,empath,I_denial:I_hedging,0.0823628628668111,0.1489199865160793
dominant_personality,empath,I_denial,-0.0109547373298436,0.7513585312581178
dominant_personality,empath,I_hedging,0.0472724594997608,0.2254205736980656
dominant_personality,empath,I_denial:I_hedging,0.0057373620364688,0.9107261175667196
music,empath,I_denial,-0.1943922268298573,9.17804195516365e-07
music,empath,I_hedging,-0.1881790926999519,5.7177561755343257e-05
music,empath,I_denial:I_hedging,0.1195873055952577,0.032079866566143
vehicle,empath,I_denial,0.190842511098495,2.8250973658634914e-08
vehicle,empath,I_hedging,-0.0431650990469249,0.1512365318503475
vehicle,empath,I_denial:I_hedging,0.0379772721977562,0.5947488569374844
politeness,empath,I_denial,-0.0287744060071669,0.4870784997118091
politeness,empath,I_hedging,0.1724503935907196,0.007856587767347
politeness,empath,I_denial:I_hedging,-0.040043416990125,0.5164170058229794
toy,empath,I_denial,-0.1069407427206516,0.0012016675800281
toy,empath,I_hedging,-0.0378827553981911,0.3144789324458644
toy,empath,I_denial:I_hedging,0.0556844846781749,0.2525970323624239
farming,empath,I_denial,-0.0684022957254611,0.0449710977741985
farming,empath,I_hedging,-0.1156091286200923,0.0002195725624905
farming,empath,I_denial:I_hedging,0.0944785490405185,0.0307963651213166
meeting,empath,I_denial,0.0977728949353523,0.0398327809518787
meeting,empath,I_hedging,0.1144813830765754,0.0049043729560365
meeting,empath,I_denial:I_hedging,-0.0802563115948296,0.1899051208805473
war,empath,I_denial,-0.0975668947792757,0.0007936042507607
war,empath,I_hedging,-0.0339286023168213,0.3670079856024417
war,empath,I_denial:I_hedging,0.1282260702742079,0.0212701370721913
speaking,empath,I_denial,0.0592753207311742,0.1234430936993767
speaking,empath,I_hedging,0.3726270589158247,2.213966095900771e-08
speaking,empath,I_denial:I_hedging,-0.1158485340525161,0.1617712191419481
listen,empath,I_denial,-0.0339469121270928,0.4354630350253288
listen,empath,I_hedging,-0.1238515876565587,0.0071753303316416
listen,empath,I_denial:I_hedging,-0.1206551125834357,0.0352156582895703
urban,empath,I_denial,0.1003301720301244,0.0254345489552372
urban,empath,I_hedging,-0.0853751650529484,0.0038565783769681
urban,empath,I_denial:I_hedging,0.1174256366109357,0.0773283471596904
shopping,empath,I_denial,-0.0838988982081641,0.0662063434563278
shopping,empath,I_hedging,-0.0674282662206805,0.1582924471848751
shopping,empath,I_denial:I_hedging,0.0880898477597568,0.1291060319462359
disgust,empath,I_denial,-0.0696249650887482,0.0159971694589282
disgust,empath,I_hedging,-0.0044739217727913,0.9003135232809036
disgust,empath,I_denial:I_hedging,0.0279042045387815,0.5264171160394784
fire,empath,I_denial,0.0022091082706278,0.9579333684951308
fire,empath,I_hedging,-0.1544502903443186,9.720307996729742e-05
fire,empath,I_denial:I_hedging,-0.0894396203130234,0.1086501041953316
tool,empath,I_denial,0.0521006923200063,0.0915925198342098
tool,empath,I_hedging,-0.0075167044495922,0.7994305095100867
tool,empath,I_denial:I_hedging,-0.0088743271504626,0.8524873666019515
phone,empath,I_denial,0.1182064227006101,0.0007168391720233
phone,empath,I_hedging,0.1454561524383385,4.77355588379675e-07
phone,empath,I_denial:I_hedging,-0.1078395769765991,0.0260541854605758
gain,empath,I_denial,-0.0318447044159939,0.4365726018789706
gain,empath,I_hedging,-0.0620420282297757,0.1646227339105229
gain,empath,I_denial:I_hedging,0.0253259946274268,0.6693471894317689
sound,empath,I_denial,-0.1358403487681378,0.0013902539740867
sound,empath,I_hedging,-0.1938837063810691,1.285043282314767e-05
sound,empath,I_denial:I_hedging,-0.0018526828541326,0.9730896423820742
injury,empath,I_denial,0.0534604211260121,0.1486542442268723
injury,empath,I_hedging,-0.0876617402396201,0.0036952100489697
injury,empath,I_denial:I_hedging,-0.0301179899692882,0.502790736863016
sailing,empath,I_denial,0.1581779423718114,0.0001503254527287
sailing,empath,I_hedging,-0.03880798129075,0.2750960983623813
sailing,empath,I_denial:I_hedging,-0.0778402882638569,0.1468322782376885
rage,empath,I_denial,-0.1166107219086773,8.39194610336792e-05
rage,empath,I_hedging,-0.0653218055532042,0.0691650883382697
rage,empath,I_denial:I_hedging,0.0641676307728846,0.1786985709393733
science,empath,I_denial,0.0420934896725512,0.3284731115439547
science,empath,I_hedging,-0.031725980621992,0.4873102035310375
science,empath,I_denial:I_hedging,0.0364080643466595,0.5786454888707493
work,empath,I_denial,0.1228643080757445,0.0639509858041153
work,empath,I_hedging,0.009719179266096,0.7341676321077718
work,empath,I_denial:I_hedging,0.0574253937837855,0.4375485422821552
appearance,empath,I_denial,0.0335655353171045,0.3390623011306488
appearance,empath,I_hedging,0.0118965889545368,0.7228953223505152
appearance,empath,I_denial:I_hedging,0.0510610972018973,0.3153543224023201
valuable,empath,I_denial,0.0228442095181976,0.4343641725616728
valuable,empath,I_hedging,0.1008639143313464,0.0555092062619054
valuable,empath,I_denial:I_hedging,-0.0414486065173033,0.4968545599155446
warmth,empath,I_denial,-0.0230907012332961,0.6564410780252271
warmth,empath,I_hedging,-0.277110552236596,1.0709198673225767e-09
warmth,empath,I_denial:I_hedging,-0.0018873581692893,0.9767683181946348
youth,empath,I_denial,-0.0312110896950124,0.4147298770980249
youth,empath,I_hedging,-0.0197657656381565,0.6466162111624161
youth,empath,I_denial:I_hedging,0.0745832456784656,0.1382083888012363
sadness,empath,I_denial,-0.0920156275944306,0.0241417071923147
sadness,empath,I_hedging,0.0368731066594165,0.4455204422029041
sadness,empath,I_denial:I_hedging,-0.02491398797938,0.6849473421678827
fun,empath,I_denial,-0.1735350295395273,0.0002959203058133
fun,empath,I_hedging,-0.1397379984786875,8.6709767716718e-05
fun,empath,I_denial:I_hedging,0.0866526143339938,0.076603783471231
emotional,empath,I_denial,-0.0532384564656328,0.0825939652391764
emotional,empath,I_hedging,0.1661672491157991,0.000206139321575
emotional,empath,I_denial:I_hedging,0.052762122703801,0.400419914907321
joy,empath,I_denial,-0.1851776494157357,4.33546526685622e-05
joy,empath,I_hedging,0.063898482686972,0.2051308125874352
joy,empath,I_denial:I_hedging,-0.1274603277638052,0.0387475780419311
affection,empath,I_denial,-0.1126908668219796,0.0016988725985506
affection,empath,I_hedging,0.0481653927169356,0.1903341750967689
affection,empath,I_denial:I_hedging,-0.0652608935502784,0.1943387214067271
traveling,empath,I_denial,0.0036266746576466,0.9322279171086992
traveling,empath,I_hedging,0.0023008917963452,0.958161332174964
traveling,empath,I_denial:I_hedging,0.0589273735077167,0.2772346739843725
fashion,empath,I_denial,0.0027028067115482,0.9376854658336004
fashion,empath,I_hedging,-0.0561114357020866,0.1623166910087783
fashion,empath,I_denial:I_hedging,-0.0175529679016937,0.7499906576121707
ugliness,empath,I_denial,-0.0229235142742181,0.4710067884736423
ugliness,empath,I_hedging,-0.0624874127088503,0.15028648148577
ugliness,empath,I_denial:I_hedging,0.0116160761909852,0.8173007740803654
lust,empath,I_denial,-0.0797338095222444,0.0645115954414844
lust,empath,I_hedging,0.0065620222403067,0.8991500045594174
lust,empath,I_denial:I_hedging,-0.0572603958818766,0.3286306272771137
shame,empath,I_denial,-0.0439020201925402,0.2216089433742301
shame,empath,I_hedging,0.1691343031215918,0.0110506657975698
shame,empath,I_denial:I_hedging,-0.1528173022539566,0.0287613389120758
torment,empath,I_denial,-0.0625699805619412,0.0283398394417109
torment,empath,I_hedging,-0.0307504453632464,0.4015627390751867
torment,empath,I_denial:I_hedging,0.0285962654383687,0.515672276982575
economics,empath,I_denial,-0.0075647409003435,0.824365400305558
economics,empath,I_hedging,-0.0564978665103887,0.1296365690236796
economics,empath,I_denial:I_hedging,0.0999401312532195,0.0525937737145852
anger,empath,I_denial,-0.1190447224017077,0.0009465325670206
anger,empath,I_hedging,-0.045575113612381,0.2753619556043563
anger,empath,I_denial:I_hedging,0.1343995862678027,0.0179111681656639
politics,empath,I_denial,-0.0235572384809306,0.4901167479497276
politics,empath,I_hedging,-0.0551327237528689,0.1163739018787523
politics,empath,I_denial:I_hedging,0.1636661334582223,0.0014852380358208
ship,empath,I_denial,0.1520614401256958,0.0004864557613626
ship,empath,I_hedging,-0.0813613225054277,0.0036751505642226
ship,empath,I_denial:I_hedging,-0.0103688616053776,0.8550900200987636
clothing,empath,I_denial,-0.1032420036545529,0.0450560104566268
clothing,empath,I_hedging,-0.2198631013424007,3.796328928676682e-05
clothing,empath,I_denial:I_hedging,0.0659378697888428,0.2691829051106367
car,empath,I_denial,0.1001308744175812,0.0012439538556259
car,empath,I_hedging,-0.0925356225441582,0.0019144603460484
car,empath,I_denial:I_hedging,0.040511946441722,0.3853630897952783
strength,empath,I_denial,0.035872556583813,0.345620564151295
strength,empath,I_hedging,0.1619112602961214,0.0042464636562894
strength,empath,I_denial:I_hedging,-0.0245856528216571,0.6722448640653933
technology,empath,I_denial,-0.0145813477280457,0.7538825134873498
technology,empath,I_hedging,-0.0886250685770999,0.0438444885457372
technology,empath,I_denial:I_hedging,0.0660787692074633,0.319731560729281
breaking,empath,I_denial,0.0965384425278525,0.0279467928675167
breaking,empath,I_hedging,-0.1409288029088979,1.890402093545453e-06
breaking,empath,I_denial:I_hedging,-0.0469768108638529,0.3420866007106654
shape_and_size,empath,I_denial,0.0823473309265284,0.2168890467660217
shape_and_size,empath,I_hedging,0.0151851558260093,0.7945315967459233
shape_and_size,empath,I_denial:I_hedging,0.0218845672692624,0.7665476516300003
power,empath,I_denial,-0.0793987750701055,0.0498214977189094
power,empath,I_hedging,-0.072853794897001,0.0640616279604563
power,empath,I_denial:I_hedging,0.0707142301684558,0.1811742732939616
white_collar_job,empath,I_denial,0.0069535534319867,0.8287165416587485
white_collar_job,empath,I_hedging,-0.0242569253146114,0.4798316688449248
white_collar_job,empath,I_denial:I_hedging,0.1708838175503017,0.0037113107600731
animal,empath,I_denial,-0.1118336015643902,0.0149124505038398
animal,empath,I_hedging,-0.1418001636009297,0.0018109384275245
animal,empath,I_denial:I_hedging,0.1149998596379392,0.0352719719179825
party,empath,I_denial,-0.1049312039631131,0.0072014214305479
party,empath,I_hedging,-0.0349417955808078,0.3560774018715165
party,empath,I_denial:I_hedging,0.0844884137440238,0.0925171409748898
terrorism,empath,I_denial,-0.1084398294694118,0.0006887928353725
terrorism,empath,I_hedging,-0.092185564754356,0.0120654108369074
terrorism,empath,I_denial:I_hedging,0.1582228875571742,0.0026003320395188
smell,empath,I_denial,-0.1808861399217999,4.6632982479445066e-05
smell,empath,I_hedging,-0.2749178431009277,1.0088132395014218e-09
smell,empath,I_denial:I_hedging,0.080459801936252,0.1304555172529221
disappointment,empath,I_denial,-0.0370845099535115,0.2121282883807673
disappointment,empath,I_hedging,0.1113670924322129,0.0030067807200774
disappointment,empath,I_denial:I_hedging,-0.0512748142449198,0.3204108504521769
poor,empath,I_denial,-0.020962169702066,0.4473397095951893
poor,empath,I_hedging,-0.0174064416149501,0.6354449050417244
poor,empath,I_denial:I_hedging,0.1450892204390717,0.0047688239781292
plant,empath,I_denial,-0.0711647639280028,0.0294963963191964
plant,empath,I_hedging,-0.15268205964056,1.6089564214960398e-06
plant,empath,I_denial:I_hedging,0.0417329010362649,0.2656895021084681
pain,empath,I_denial,0.0321477219527422,0.4305173102234124
pain,empath,I_hedging,0.1316376478116044,0.0150807213819088
pain,empath,I_denial:I_hedging,-0.2184675654489607,0.0004572323220003
beauty,empath,I_denial,-0.2213249958281578,6.999438313924834e-05
beauty,empath,I_hedging,-0.2252284424791811,1.531997006748511e-05
beauty,empath,I_denial:I_hedging,0.087360778095635,0.1761846405139183
timidity,empath,I_denial,0.0844853923512917,0.1120226215967891
timidity,empath,I_hedging,-0.0994925332639461,0.006684359912347
timidity,empath,I_denial:I_hedging,-0.1308769882996981,0.0417623856385665
philosophy,empath,I_denial,-0.0167243487173268,0.6840637209949099
philosophy,empath,I_hedging,0.003095012906883,0.9403001649742028
philosophy,empath,I_denial:I_hedging,0.08391312436272,0.1319295743833363
negotiate,empath,I_denial,-0.0152677022684595,0.6354162541963086
negotiate,empath,I_hedging,-0.0272447129233762,0.4749665207767837
negotiate,empath,I_denial:I_hedging,0.0904465436322982,0.0836331462685855
negative_emotion,empath,I_denial,-0.0057765614341458,0.887198506233212
negative_emotion,empath,I_hedging,0.1801930884333002,0.0011727077898746
negative_emotion,empath,I_denial:I_hedging,0.0491678249971605,0.4877663996750782
cleaning,empath,I_denial,0.1091864035326304,0.0059068025776509
cleaning,empath,I_hedging,-0.0945910169024878,0.0193999700677626
cleaning,empath,I_denial:I_hedging,-0.075458219329434,0.1468042864529728
messaging,empath,I_denial,0.0636805389922512,0.0527645509266721
messaging,empath,I_hedging,0.1782754329694449,2.549060205816324e-05
messaging,empath,I_denial:I_hedging,-0.0969107517891475,0.0865486778630116
competing,empath,I_denial,-0.0715210994865016,0.030583232888427
competing,empath,I_hedging,0.0171063265968181,0.672221738541273
competing,empath,I_denial:I_hedging,0.036329825426097,0.4940634042932512
law,empath,I_denial,0.1218204390903993,0.004455495117955
law,empath,I_hedging,-0.0237887392968177,0.4881579650948123
law,empath,I_denial:I_hedging,0.0571176872768214,0.3352781327643936
friends,empath,I_denial,-0.0504151189696674,0.151046064216606
friends,empath,I_hedging,0.0935530088988208,0.0162640332275933
friends,empath,I_denial:I_hedging,-0.0252444571947568,0.5863269166386236
payment,empath,I_denial,0.0361234441349122,0.2956254983729827
payment,empath,I_hedging,0.0100039654969751,0.7703825944156389
payment,empath,I_denial:I_hedging,0.0623109670577826,0.2606994720346559
achievement,empath,I_denial,-0.0672886340064583,0.122988263016228
achievement,empath,I_hedging,-0.0858018451557862,0.0066595533514204
achievement,empath,I_denial:I_hedging,0.0372549330260242,0.4571247549066074
alcohol,empath,I_denial,-0.0761052188248715,0.0220578202569726
alcohol,empath,I_hedging,-0.0745764026183121,0.1057531219744168
alcohol,empath,I_denial:I_hedging,-0.0131421512567454,0.8070814741998951
liquid,empath,I_denial,-0.0298488606061525,0.4495061998075655
liquid,empath,I_hedging,-0.0548620059689815,0.2890789322002335
liquid,empath,I_denial:I_hedging,-0.0361016466519549,0.5532224137553758
feminine,empath,I_denial,-0.1318931085999304,0.000116672607715
feminine,empath,I_hedging,-0.05296544731691,0.1881221937363184
feminine,empath,I_denial:I_hedging,0.0324055934624135,0.5311144685024343
weapon,empath,I_denial,-0.0409973969330683,0.1707473338913762
weapon,empath,I_hedging,-0.0923338391582692,0.0058141176630732
weapon,empath,I_denial:I_hedging,0.0743448436307974,0.1103571281182617
children,empath,I_denial,-0.0565298340957817,0.3248329600047608
children,empath,I_hedging,0.0782591616508456,0.1129157034352616
children,empath,I_denial:I_hedging,0.10173693533255,0.1169456714419075
monster,empath,I_denial,-0.0901922145991274,0.0049317487084768
monster,empath,I_hedging,-0.0878708721110879,0.0125855595538402
monster,empath,I_denial:I_hedging,0.0948907517552143,0.0273451541204033
ocean,empath,I_denial,0.0638476579214232,0.1325548191585686
ocean,empath,I_hedging,-0.1113879037861596,0.0048891527756302
ocean,empath,I_denial:I_hedging,-0.0363122846486174,0.515323255948855
giving,empath,I_denial,0.0242242920887747,0.5946207094480025
giving,empath,I_hedging,-0.0417598937994582,0.1602164393207128
giving,empath,I_denial:I_hedging,0.0129385146584529,0.8010058867227685
contentment,empath,I_denial,-0.1290784054791759,0.006511289621341
contentment,empath,I_hedging,0.0992303850588665,0.1108887027526059
contentment,empath,I_denial:I_hedging,-0.1714764974566537,0.0130573032374316
writing,empath,I_denial,0.1053882291492564,0.0151185740826575
writing,empath,I_hedging,0.1474162786457638,0.0002789712998802
writing,empath,I_denial:I_hedging,-0.0878788130231409,0.142450059306569
rural,empath,I_denial,0.023071926030125,0.5452431886579732
rural,empath,I_hedging,-0.0786855869380562,0.0152552057525966
rural,empath,I_denial:I_hedging,0.0806203810035577,0.1610629598204352
positive_emotion,empath,I_denial,-0.0561109912446786,0.1714157391443841
positive_emotion,empath,I_hedging,0.1931182929681568,2.524068381209786e-05
positive_emotion,empath,I_denial:I_hedging,-0.085971698486894,0.1674273616925559
musical,empath,I_denial,-0.2182172101489887,4.786401497737592e-09
musical,empath,I_hedging,-0.1755177106308018,2.583567662547083e-05
musical,empath,I_denial:I_hedging,0.1042000865955555,0.0498434112806883
grief,empath,I_denial,-0.0479077474040251,0.1706660023093147
grief,empath,I_hedging,-0.0435395067750405,0.1885601329118639
grief,empath,I_denial:I_hedging,0.0257252487059184,0.5728697043887139
loss,empath,I_denial,0.08960298462867,0.108618739245059
loss,empath,I_hedging,-0.0484698632313409,0.2685349032717595
loss,empath,I_denial:I_hedging,-0.008975331048013,0.8921073612371925
dissolution_of_self,empath,I_denial,-0.0459552100490451,0.3362939753140641
dissolution_of_self,empath,I_hedging,0.0762299959106623,0.1345482206622073
dissolution_of_self,empath,I_denial:I_hedging,-0.1092601985324729,0.075029154640061
confinement,empath,I_denial,0.0336027660783267,0.4129426249940618
confinement,empath,I_hedging,-0.1169946413932118,0.0012831319565785
confinement,empath,I_denial:I_hedging,0.0213266824221853,0.6802509409319913
liminality,empath,I_denial,0.1924153607393463,4.96596638483036e-05
liminality,empath,I_hedging,0.0790206399810111,0.0290599536552903
liminality,empath,I_denial:I_hedging,-0.0988439770084791,0.0647788282116282
warmth,inkblot,I_denial,-0.40418343128632533,4.050270320959092e-05
warmth,inkblot,I_hedging,-0.25336498662335155,0.0298479010670289
warmth,inkblot,I_denial:I_hedging,0.1866002386445214,0.1061598935822695
valence,inkblot,I_denial,-0.36072682815819096,4.3108088606545686e-05
valence,inkblot,I_hedging,-0.2456326904954386,0.0331714582074506
valence,inkblot,I_denial:I_hedging,0.2248647411626311,0.0516417499667199
threat,inkblot,I_denial,0.08328970185596528,0.2556528770844494
threat,inkblot,I_hedging,0.09795066403011198,0.2453430735335093
threat,inkblot,I_denial:I_hedging,-0.14275480444302904,0.1844124246396369
isolation,inkblot,I_denial,-0.13642526858075738,0.1851092144083463
isolation,inkblot,I_hedging,0.0248237567312176,0.8038332879987636
isolation,inkblot,I_denial:I_hedging,-0.01929237653546819,0.8668557898871599
decay,inkblot,I_denial,0.00279002174800173,0.9726536631467628
decay,inkblot,I_hedging,0.07405355987034748,0.4691117992084852
decay,inkblot,I_denial:I_hedging,-0.16606816763234883,0.1729991169702407
confinement,inkblot,I_denial,-0.02256367633539987,0.7674682370867917
confinement,inkblot,I_hedging,0.05946238605902888,0.5013911972547741
confinement,inkblot,I_denial:I_hedging,-0.08446840932230751,0.3815763983952752
animacy,inkblot,I_denial,-0.30571580544461313,0.0011616502717467
animacy,inkblot,I_hedging,0.0379282343240024,0.6831722026839344
animacy,inkblot,I_denial:I_hedging,-0.027228508991826394,0.787179870903063
content,inkblot,I_denial,-0.026806306950389658,0.7872039143054912
content,inkblot,I_hedging,0.09085057118949177,0.3875709802695848
content,inkblot,I_denial:I_hedging,-0.14477059235911083,0.2151081155299871
darkness,inkblot,I_denial,0.19415514454938013,0.0467330592622431
darkness,inkblot,I_hedging,0.1984738359823098,0.079577846951742
darkness,inkblot,I_denial:I_hedging,-0.20169439086697985,0.0912222438146335
