category,coef_I_denial,coef_I_denial:I_hedging,coef_I_hedging,p_I_denial,p_I_denial:I_hedging,p_I_hedging,q_I_denial,q_I_denial:I_hedging,q_I_hedging
achievement,-0.06728863400645839,0.03725493302602424,-0.08580184515578626,0.12298826301622803,0.4571247549066074,0.006659553351420474,0.23395405377310458,0.7194190374876438,0.023336624957141335
affection,-0.1126908668219796,-0.06526089355027846,0.04816539271693563,0.0016988725985506263,0.19433872140672714,0.19033417509676898,0.009943401385634548,0.4324042966012934,0.2913576988019771
aggression,-0.055284014985019614,0.10572822322595345,-0.09453613160699124,0.13475935288261276,0.061141724282354454,0.023282941813446454,0.2506272076975695,0.2896953126711556,0.05791631776094805
air_travel,-0.002054757600672326,0.10342956455449052,-0.09782126688014679,0.965188147222971,0.06978140600270445,0.012840481588843268,0.9749870116617829,0.2971693179479986,0.03931162824892016
alcohol,-0.07610521882487159,-0.01314215125674548,-0.07457640261831218,0.02205782025697261,0.8070814741998951,0.10575312197441686,0.0696747020815484,0.9095166837173003,0.20023780136993574
ancient,-0.014239739008981357,0.12792773843197808,-0.1546284577440219,0.6908136056075633,0.05604088181032725,0.00012430162224436164,0.7637328195328061,0.2788033870063781,0.0009894409130651188
anger,-0.11904472240170774,0.13439958626780274,-0.04557511361238104,0.0009465325670206963,0.01791116816566396,0.2753619556043563,0.006808299859977585,0.25041822246503714,0.3942232314047978
animal,-0.11183360156439029,0.11499985963793924,-0.14180016360092979,0.014912450503839846,0.03527197191798255,0.0018109384275245442,0.052782390218400796,0.2506829432742331,0.009739912083172549
anonymity,-0.02421403167534399,0.05159908262161378,-0.06271533107871632,0.5129346811913568,0.21764051086936653,0.017081341336847675,0.624151777851169,0.4607495921596164,0.04721092952823176
anticipation,-0.15354122093091296,-0.04629658866745313,0.0058519315285048955,5.465789237327384e-06,0.39456826774901443,0.9009854556514194,0.00021514143636574244,0.6531439595619416,0.9387230663593322
appearance,0.03356553531710451,0.05106109720189735,0.01189658895453683,0.33906230113064884,0.3153543224023201,0.7228953223505152,0.488937666123182,0.5959042919624598,0.8127467183488843
art,-0.20060417349713794,0.03617984096963854,-0.1081437614241214,7.238350026267905e-06,0.5319421067715986,0.029427324395085518,0.00021514143636574244,0.7561177089110579,0.06971473279311927
attractive,-0.13017494610827404,0.06126456956514887,-0.07465354921029155,0.002235733997960406,0.24512789176859318,0.05349147915976419,0.011708185936687389,0.5081296923119796,0.11324259949779866
banking,-0.02444569568240455,0.0813221513196805,-0.003460007961406566,0.4128252042237135,0.08046605026110351,0.9136174160599825,0.5539009767953487,0.3079373846530692,0.946926384353836
beach,0.08378219256961612,-0.02230269499521018,-0.1272846557221901,0.07292697534416549,0.6776940812230672,0.0007238362180878904,0.15947767135702126,0.8254264466186968,0.004646561529015812
beauty,-0.2213249958281578,0.08736077809563506,-0.2252284424791811,6.999438313924834e-05,0.17618464051391836,1.531997006748511e-05,0.0009285921496473613,0.41469793783240483,0.0002345133879561182
blue_collar_job,0.009392010579011198,0.12736843150205363,-0.040480853676233525,0.7141475909024255,0.031194187238726936,0.18954867422932753,0.7851677933126114,0.25041822246503714,0.2913576988019771
body,0.06256157975417408,-0.09344460825151427,0.04997512750670275,0.08709310801727989,0.09658888647131693,0.2845672879680382,0.18053675516081977,0.33139980013434606,0.4044920736117114
breaking,0.09653844252785258,-0.04697681086385295,-0.14092880290889798,0.02794679286751679,0.34208660071066543,1.890402093545453e-06,0.08173373983913737,0.6078145851912716,3.7619001661554514e-05
business,0.050206221584614935,0.028165815059692394,0.05206219076422468,0.17787625791787776,0.5953084028280418,0.21477210978762662,0.3025416694500656,0.7988159261846325,0.3237015404165512
car,0.10013087441758123,0.04051194644172203,-0.09253562254415829,0.001243953855625997,0.38536308979527834,0.0019144603460484804,0.008251560575652447,0.6531439595619416,0.010025726549043358
celebration,-0.15840244556603153,0.08753343356661901,-0.0815085722143623,4.768498004435455e-05,0.05842169140909633,0.03594957581425195,0.0008235227588177014,0.28355894122951636,0.0822294895061625
cheerfulness,-0.07999377992310522,-0.015282615087690259,-0.06061169801236336,0.06790659777391594,0.7539347945428835,0.09260997289955494,0.15356151087510536,0.8825472006707871,0.17892606414574208
childish,-0.13376941240763318,0.05943469514035788,-0.10960164942514915,0.020015138703272692,0.3364533945375393,0.021194093055810558,0.06638354336585443,0.6031912208375705,0.05407210920649104
children,-0.056529834095781724,0.10173693533255004,0.07825916165084564,0.3248329600047608,0.1169456714419075,0.11291570343526167,0.48240118687274175,0.3636279471396811,0.20614885306070707
cleaning,0.10918640353263047,-0.07545821932943406,-0.09459101690248789,0.0059068025776509575,0.14680428645297286,0.019399970067762604,0.02500965346707533,0.38993522785131307,0.05079729004585208
clothing,-0.1032420036545529,0.06593786978884286,-0.21986310134240078,0.045056010456626855,0.2691829051106367,3.796328928676682e-05,0.11349552001099676,0.5356739811701671,0.0004197052537814776
cold,0.13360859015975685,-0.19803012087758734,-0.0705703885581522,0.006694317683362352,0.00122781492038494,0.08239931333984553,0.02718712691814506,0.08133442433346645,0.16235112232306198
college,0.047339290780655095,0.11115976162477485,-0.0004797157985349708,0.2803394602693805,0.11434324567974796,0.9906456305555792,0.4291350199508209,0.3611794585757118,0.9955885143903714
communication,0.09850033417440157,-0.10774250521391054,0.3213564034196998,0.009692055792898073,0.12807653963433716,1.4405609814589072e-08,0.035717020421976234,0.38049254061281074,9.555721177010752e-07
competing,-0.0715210994865016,0.03632982542609702,0.017106326596818114,0.030583232888427004,0.49406340429325124,0.672221738541273,0.08337073075064348,0.7490458895696468,0.7688053216650191
computer,0.03904521191189871,-0.02212537426211692,-0.0695271949286832,0.24882208946112327,0.6463661347961405,0.06110463015896564,0.39298091906955185,0.8254264466186968,0.12535898352200167
confinement,0.03360276607832679,0.02132668242218537,-0.11699464139321182,0.41294262499406187,0.6802509409319913,0.00128313195657851,0.5539009767953487,0.8254264466186968,0.007737674526034045
confusion,0.02619778587313036,-0.1757794888896671,0.38739073286657477,0.5463812138477847,0.04851832494195842,1.2583394557378582e-05,0.6472015568792212,0.26102207486465734,0.00021310301098386553
contentment,-0.12907840547917596,-0.17147649745665372,0.0992303850588665,0.006511289621341049,0.013057303237431657,0.11088870275260597,0.0269947215551431,0.23621848584080904,0.20432270229415359
cooking,-0.11727161103617699,-0.010259288405977238,-0.062450992112435565,0.009618064421738019,0.8387921921175985,0.17660581493779115,0.035717020421976234,0.9095166837173003,0.2811564573809635
crime,0.019529066502933252,0.10299466132257165,0.006165728351222846,0.5253322775428378,0.024842168137974536,0.8312614058992401,0.6297658025965346,0.25041822246503714,0.8941676744537772
dance,-0.1667937709226354,0.02457523995660211,-0.1293989128403317,0.00010093646838067074,0.6402214035128527,0.003777805319097009,0.0011815504239854988,0.8254264466186968,0.016328916957801427
death,-0.030564576360769844,0.13435088758914268,-0.044135134595219,0.3485638997865127,0.0036788887401652927,0.1745897700400576,0.49545868612511446,0.1054439968497462,0.2801884212739634
deception,-0.013207907117620548,0.09955960621045486,0.05988981076170493,0.5885885280452358,0.20849058965097034,0.05994645710181401,0.6889948063588348,0.45097421022329454,0.12426401003396863
disappointment,-0.03708450995351157,-0.05127481424491982,0.1113670924322129,0.21212828838076736,0.3204108504521769,0.00300678072007744,0.3501950114473721,0.5959042919624598,0.01424641341179549
disgust,-0.06962496508874824,0.027904204538781546,-0.004473921772791351,0.015997169458928266,0.5264171160394784,0.9003135232809036,0.05488684004011595,0.7561177089110579,0.9387230663593322
dispute,0.09043311714906935,0.10247424180584035,0.10614512419420108,0.024642302407722357,0.06450964613411773,0.006165625528519147,0.07430027544146589,0.292976973048046,0.022308354185005642
dissolution_of_self,-0.04595521004904519,-0.10926019853247292,0.07622999591066235,0.33629397531406413,0.07502915464006102,0.1345482206622073,0.488937666123182,0.30173217813290987,0.23081979234292463
divine,-0.15793027964332537,0.06951917879284372,-0.07156040413382868,6.25599100242708e-05,0.1509391785319218,0.05301064303212892,0.0008892444353449921,0.3900895652967849,0.11324259949779866
domestic_work,0.08781417262566521,-0.04610948178246296,0.003579956940174117,0.029870922423155578,0.39849449337320686,0.9333127416201631,0.08255991058622167,0.6531439595619416,0.9623276455047277
dominant_heirarchical,-0.0599556810404876,0.08061442866360473,-0.024377325329396717,0.02951500320947166,0.12420944590957753,0.47207318980700774,0.08255991058622167,0.3802719959385527,0.5923523007209854
dominant_personality,-0.010954737329843684,0.005737362036468859,0.0472724594997608,0.7513585312581178,0.9107261175667197,0.22542057369806567,0.815340327086862,0.9390388466102447,0.3347663743725005
driving,0.13015612153640654,0.008502672835313614,0.0001895762200874926,5.496514310759761e-05,0.8672841766563157,0.9955885143903714,0.0008413894983393788,0.9180295274181215,0.9955885143903714
eating,-0.13534001162422016,-0.006234439666003179,-0.09175259532303787,0.0024504663606139333,0.9026194222306518,0.04371163390353858,0.012368654733830064,0.9355274219994777,0.09587970572089798
economics,-0.007564740900343524,0.0999401312532195,-0.056497866510388794,0.824365400305558,0.05259377371458527,0.1296365690236796,0.8772052754792072,0.2683631017744223,0.22592145393046492
emotional,-0.0532384564656328,0.05276212270380105,0.1661672491157991,0.08259396523917643,0.400419914907321,0.00020613932157500256,0.17301262192206432,0.6531439595619416,0.0015777586535932887
envy,-0.0871131222541063,0.08686793783231538,-0.054474103351895724,0.0018770155805995883,0.06734957236012708,0.13055762413067068,0.010375725014981057,0.2971693179479986,0.22592145393046492
exasperation,-0.044788865903629405,-0.09019312258827239,0.24419012712929944,0.07532367370852303,0.38135928845876876,0.018647229954665234,0.16292838117387046,0.6531439595619416,0.05014592920241056
exercise,0.09687448569373013,-0.12002619932381377,-0.06267873746141037,0.03297606460869467,0.032717958714024956,0.03151757252880587,0.08867887644770593,0.25041822246503714,0.07378819921449845
exotic,-0.09257470068634627,0.06536136996227213,-0.14890525463202442,0.024493856419747696,0.20512626473677864,0.0003414852911877638,0.07430027544146589,0.4485728206881203,0.0023432956188401723
fabric,-0.0680535950899968,0.03760784499603036,-0.21350364320826415,0.12090043096843545,0.48735538578988324,1.7886301607018422e-06,0.23358432779338498,0.7466577964256965,3.7619001661554514e-05
family,0.0632186887905638,0.10822531141511163,-0.02575315042689585,0.1666642448705341,0.045304202487122004,0.469814273557833,0.29662375730202123,0.26102207486465734,0.5923523007209854
farming,-0.06840229572546119,0.0944785490405185,-0.11560912862009234,0.04497109777419859,0.030796365121316685,0.00021957256249054093,0.11349552001099676,0.25041822246503714,0.0016183311087265794
fashion,0.002702806711548247,-0.017552967901693743,-0.056111435702086626,0.9376854658336005,0.7499906576121707,0.16231669100877832,0.9618526170148788,0.8825472006707871,0.2669505909979082
fear,-0.09874384119354625,-0.10027819686266363,0.18464934354031337,0.008961489974147753,0.22633362812373325,0.02082093009285992,0.03429493278568082,0.47410938943813596,0.05380993621401459
feminine,-0.13189310859993045,0.03240559346241354,-0.05296544731691009,0.00011667260771504789,0.5311144685024343,0.18812219373631844,0.0012898804964052517,0.7561177089110579,0.2913576988019771
fight,-0.027343319743714675,0.08236286286681117,0.0017550607714001088,0.4301995807507638,0.14891998651607935,0.969384899489674,0.5641425180124361,0.38993522785131307,0.9792263705504829
fire,0.002209108270627896,-0.08943962031302341,-0.1544502903443186,0.9579333684951308,0.1086501041953316,9.720307996729742e-05,0.9725956139312807,0.3542107821860338,0.0008410179527605298
friends,-0.05041511896966743,-0.025244457194756858,0.09355300889882087,0.151046064216606,0.5863269166386236,0.016264033227593386,0.2732560616282236,0.7988159261846325,0.045585107215367376
fun,-0.17353502953952737,0.08665261433399384,-0.13973799847868754,0.00029592030581334267,0.07660378347123102,8.6709767716718e-05,0.0029444070428427593,0.30173217813290987,0.0007843292625284946
furniture,0.1615673647415858,-0.029164208854015695,0.034560197621362115,0.0017974483603498384,0.6475390935388252,0.5178140499444617,0.010219777820274795,0.8254264466186968,0.6170359038260352
gain,-0.03184470441599398,0.02532599462742683,-0.062042028229775746,0.4365726018789706,0.6693471894317689,0.16462273391052296,0.5641425180124361,0.8254264466186968,0.2685239676081481
giving,0.02422429208877473,0.012938514658452973,-0.041759893799458256,0.5946207094480025,0.8010058867227685,0.16021643932071283,0.6919855039775,0.9095166837173003,0.26569226187351547
government,0.026004901890272453,0.12672980015009072,-0.03589242653933743,0.5514199350776693,0.03735568015242823,0.3726259638749716,0.6493051306535869,0.25633725345976616,0.5010308568318875
grief,-0.0479077474040251,0.025725248705918427,-0.04353950677504054,0.17066600230931472,0.5728697043887139,0.1885601329118639,0.29662375730202123,0.7988159261846325,0.2913576988019771
hate,-0.07741117165059608,-0.01738719080260242,0.05578505284703467,0.020676108144159353,0.7495410259724992,0.24003780953094678,0.0674515659129133,0.8825472006707871,0.3538335118270993
healing,-0.03108736856796995,0.09648469428090693,-0.05118395861739726,0.39438874211038233,0.04573805932650477,0.0977830525146473,0.5450233311108755,0.26102207486465734,0.18710411010014244
health,0.10058113440158103,0.01871906957373271,0.0989801960940509,0.002887619461511966,0.7812539580894968,0.017334134913123248,0.01368181602002098,0.8986678477445658,0.04725332668097982
hearing,-0.06767267013533372,-0.01817110047976212,-0.09157708402799128,0.10878807712118048,0.7736217356722205,0.04606407902340077,0.21434482521895956,0.895062356969604,0.09963860571366036
help,0.0848257776504355,-0.033449887442314724,-0.04065244877376388,0.27778413072844277,0.6791234435709457,0.12150054753448361,0.42851970554232643,0.8254264466186968,0.21396999079081627
heroic,-0.0896011757714609,-0.01859411205628939,0.20075608689621133,0.004209460823930642,0.7863260634426357,0.00011306059573679008,0.019038243271868132,0.8993039461211753,0.0009374607729842177
hiking,0.036276385946863735,-0.010101970692699266,-0.1416938583853325,0.30375941127610306,0.8377078453943174,4.6347593142896e-05,0.45449716424018427,0.9095166837173003,0.0004611585517718152
hipster,-0.019040279139079325,-0.05965906721557253,0.19353004461263512,0.5175127806303663,0.3700817154297993,0.004327654470919377,0.624151777851169,0.646019836583597,0.01722406479425912
home,0.16069775961808266,0.026186260789451004,0.03555954463970481,0.0007389979373401081,0.6579295748596976,0.43666163348015674,0.006127524563778397,0.8254264466186968,0.5679455232846483
horror,-0.06241062746426938,-0.012252024734970172,-0.025782240973666295,0.0811746439543317,0.8181089685604639,0.4992356109779963,0.17184844837140434,0.9095166837173003,0.6038681280267226
hygiene,0.03706581026241065,-0.008229325128923243,-0.09803184921322919,0.24711801862230742,0.8455305853653294,0.0030928992895149733,0.39298091906955185,0.9095166837173003,0.014313650200313482
independence,-0.026160668041247444,0.07883312776101238,-0.019605708274849046,0.494675881218125,0.1454870961370574,0.6686906178030532,0.611431679269608,0.38993522785131307,0.7688053216650191
injury,0.053460421126012174,-0.030117989969288262,-0.08766174023962013,0.14865424422687232,0.502790736863016,0.003695210048969747,0.2713962807444733,0.7501239719618461,0.016328916957801427
internet,0.05693175172545351,0.02552780225002896,-0.0022392816793147586,0.1374805151056298,0.6700429947188408,0.9545364595764814,0.2533205787594475,0.8254264466186968,0.9728270668511115
irritability,-0.05569058330770316,0.06670839763029876,0.011071341242710591,0.04880177640195537,0.21517459375889014,0.7734378465899997,0.1198957222714706,0.46042735653784017,0.845682041051703
journalism,0.06770152733891471,-0.022342963140542814,0.13253707416690377,0.04810631456028181,0.7012836562388781,0.0073179704441543115,0.119664457468701,0.8356613628235734,0.02427126863977847
joy,-0.18517764941573575,-0.1274603277638052,0.06389848268697208,4.33546526685622e-05,0.03874757804193116,0.20513081258743526,0.0008235227588177014,0.2570256010114767,0.3116109290450353
kill,0.004170978278012447,0.09939239893484553,0.026607220764227047,0.9026417688611267,0.08571795949670762,0.5006946790171318,0.9383521783031608,0.31314885263162406,0.6038681280267226
law,0.12182043909039939,0.057117687276821455,-0.023788739296817733,0.0044554951179550314,0.33527813276439367,0.48815796509481235,0.019703189521623362,0.6031912208375705,0.5959719941955071
leader,0.08743731450451808,-0.015441007869598424,-0.02630677616756413,0.24647473171198597,0.8437536312929274,0.31643505231659697,0.39298091906955185,0.9095166837173003,0.44035367420281674
legend,-0.1977432744045271,0.11408822201278712,-0.15121338311931298,2.459199824749525e-05,0.04949579135651695,0.0024541992202279047,0.0006117259564064443,0.26102207486465734,0.012209641120633826
leisure,-0.030990792154233622,-0.054739552206261394,0.042476362793983924,0.498764939802105,0.29532399261844466,0.2467716288041878,0.6126803890161661,0.5650911012602932,0.3610849568531866
liminality,0.19241536073934631,-0.09884397700847913,0.0790206399810111,4.96596638483036e-05,0.06477882821162827,0.029059953655290342,0.0008235227588177014,0.292976973048046,0.06967386478798528
liquid,-0.029848860606152536,-0.03610164665195497,-0.054862005968981546,0.44950619980756557,0.5532224137553758,0.2890789322002335,0.5734085497545228,0.7807890804065234,0.40799083338898207
listen,-0.03394691212709282,-0.12065511258343571,-0.12385158765655874,0.4354630350253288,0.0352156582895703,0.007175330331641625,0.5641425180124361,0.2506829432742331,0.02420153789824887
loss,0.08960298462867003,-0.00897533104801301,-0.04846986323134098,0.10861873924505905,0.8921073612371925,0.26853490327175955,0.21434482521895956,0.934988354210313,0.3900616478181033
love,-0.14109221393031848,-0.1603666003490187,0.18753084949125584,0.0019998713507295243,0.014906931472105346,0.0022036917849004084,0.010756064832302036,0.24720661357908033,0.011244478594748239
lust,-0.07973380952224444,-0.0572603958818766,0.006562022240306787,0.06451159544148449,0.3286306272771137,0.8991500045594174,0.14927683131227226,0.60131893498807,0.9387230663593322
magic,-0.20561159083189326,0.003586449331656523,-0.11905757629914787,1.3061325851124868e-06,0.9492674481584042,0.02471619005885948,6.498009610934622e-05,0.9725559432660374,0.060722491626086866
masculine,-0.05462213064753153,0.09622548139135846,-0.030742221748351437,0.16999715656529601,0.07018571830932631,0.3983609423429473,0.29662375730202123,0.2971693179479986,0.5284921835083101
medical_emergency,0.07768250183209909,0.04898774258996884,-0.065460834124971,0.019905586923427053,0.2927182415835793,0.019252516847431473,0.06638354336585443,0.5650911012602932,0.05079729004585208
medieval,-0.17078512350472375,0.11297749798355272,-0.13881414815837584,7.567789218895462e-06,0.02476802295604272,0.0016801761326064308,0.00021514143636574244,0.25041822246503714,0.009496448701198468
meeting,0.09777289493535235,-0.08025631159482965,0.11448138307657547,0.039832780951878734,0.18990512088054734,0.004904372956036511,0.10369277645120412,0.42944453471851046,0.01876865804329357
messaging,0.06368053899225126,-0.09691075178914753,0.17827543296944498,0.052764550926672156,0.08654867786301167,2.549060205816324e-05,0.12650777872780433,0.31314885263162406,0.0003024293910863939
military,0.001602812353558245,0.06952545421997092,0.004311771033720426,0.9519199606103589,0.10809885076640811,0.8951053540396221,0.9714465239049304,0.3542107821860338,0.9387230663593322
money,-0.003811244352878356,0.13057202981157737,-0.011903952097555535,0.9053448152472706,0.008582050210286157,0.732075440126486,0.9383521783031608,0.17078279918469452,0.8161975351365731
monster,-0.09019221459912748,0.0948907517552143,-0.08787087211108797,0.004931748708476848,0.027345154120403396,0.012585559553840261,0.021335173760584625,0.25041822246503714,0.039133224237722065
morning,0.04170062113948667,0.02996359965461626,0.007025090675197722,0.2582178913989216,0.5830127276583128,0.8678259587194206,0.4014481280342609,0.7988159261846325,0.9235153250543567
movement,-0.029285976830399418,-0.010945319190874127,-0.1265545979082271,0.48971809277616807,0.8348519957815583,0.00063746587758936,0.6095827052624737,0.9095166837173003,0.004228523654676089
music,-0.19439222682985738,0.11958730559525775,-0.18817909269995195,9.17804195516365e-07,0.032079866566143055,5.7177561755343257e-05,6.088101163591888e-05,0.25041822246503714,0.0005418254661577766
musical,-0.21821721014898873,0.10420008659555555,-0.17551771063080185,4.786401497737592e-09,0.04984341128068834,2.5835676625470834e-05,9.524938980497807e-07,0.26102207486465734,0.0003024293910863939
negative_emotion,-0.005776561434145833,0.04916782499716054,0.18019308843330029,0.887198506233212,0.4877663996750782,0.0011727077898746497,0.9292236986337324,0.7466577964256965,0.007292776568282978
neglect,0.01805244542947627,0.021787777837599318,0.025603430946479537,0.651175676217556,0.676398188323317,0.42990002168536345,0.7404797689559637,0.8254264466186968,0.562829633653864
negotiate,-0.01526770226845959,0.09044654363229823,-0.027244712923376293,0.6354162541963086,0.08363314626858558,0.4749665207767837,0.7267116930176174,0.31314885263162406,0.5923523007209854
nervousness,-0.04710413298171771,-0.1973186921392322,0.21469276714179536,0.2039150339073429,0.019401112456212854,0.013450269026797133,0.34100077098790954,0.25041822246503714,0.04055459903534287
night,0.0378478212102227,0.045835621739573236,-0.09567232697121514,0.33786761471648197,0.4464139293881827,0.002799573369774931,0.488937666123182,0.7106909755859868,0.013588173185005152
noise,-0.13227533360886778,0.024088089946174847,-0.19019751132407128,0.0009274204036194052,0.671245210213439,4.0522438538886976e-05,0.006808299859977585,0.8254264466186968,0.0004244192246967636
occupation,0.018135746794385968,0.08923746514044906,-0.055518080763791305,0.6069556491882494,0.07586908232621882,0.06516524582391277,0.7022335708631491,0.30173217813290987,0.13098872645412768
ocean,0.06384765792142326,-0.036312284648617424,-0.1113879037861596,0.13255481915856868,0.515323255948855,0.004889152775630232,0.2488529152127846,0.7501239719618461,0.01876865804329357
office,0.20856919303227975,-0.07135736007922455,0.048744768240688054,0.0014054634680308355,0.32936564780753586,0.11523032764203751,0.008740225941816757,0.60131893498807,0.20677148637385454
optimism,-0.09325493992873699,-0.06988444773635749,0.051696441005697105,0.04012233058664682,0.16615911288788587,0.21634324057990606,0.10369277645120412,0.40916987721269604,0.3237015404165512
order,0.1387148235923919,-0.07630353596718698,0.1389356163081341,0.0009579517390923235,0.179406134479978,0.0014078615719331847,0.006808299859977585,0.41469793783240483,0.008240130965138346
pain,0.03214772195274225,-0.21846756544896073,0.13163764781160442,0.43051731022341244,0.000457232322000337,0.015080721381908822,0.5641425180124361,0.08133442433346645,0.04336837063952488
party,-0.1049312039631131,0.08448841374402383,-0.03494179558080785,0.007201421430547913,0.09251714097488986,0.3560774018715165,0.028099664013314405,0.3229984395439137,0.4886855377409088
payment,0.03612344413491226,0.06231096705778264,0.01000396549697513,0.2956254983729827,0.26069947203465593,0.7703825944156389,0.44567783466836025,0.5293795401520054,0.845682041051703
pet,-0.08987217892601157,0.09153755119699342,-0.12290969457252393,0.03714546842959339,0.09055434774648198,0.00706434225094055,0.09855930956652112,0.3217913428848199,0.02420153789824887
philosophy,-0.01672434871732682,0.08391312436272007,0.00309501290688305,0.6840637209949099,0.13192957438333638,0.9403001649742029,0.7604954216647322,0.38049254061281074,0.9645347053085895
phone,0.11820642270061013,-0.10783957697659911,0.1454561524383385,0.0007168391720233924,0.026054185460575877,4.77355588379675e-07,0.006127524563778397,0.25041822246503714,1.3570537441079334e-05
plant,-0.07116476392800283,0.04173290103626495,-0.15268205964056009,0.0294963963191964,0.2656895021084681,1.6089564214960398e-06,0.08255991058622167,0.5340627365614662,3.7619001661554514e-05
play,0.03700317430923538,-0.020223835563442066,-0.04029048080459063,0.39286872651577787,0.6994455399362453,0.10665933138298084,0.5450233311108755,0.8356613628235734,0.20023780136993574
politeness,-0.028774406007166933,-0.04004341699012507,0.17245039359071965,0.48707849971180917,0.5164170058229794,0.007856587767347045,0.6095827052624737,0.7501239719618461,0.025630507634460033
politics,-0.023557238480930602,0.16366613345822237,-0.055132723752868915,0.4901167479497276,0.001485238035820801,0.1163739018787523,0.6095827052624737,0.08133442433346645,0.20677148637385454
poor,-0.020962169702066043,0.14508922043907174,-0.01740644161495013,0.4473397095951893,0.004768823978129225,0.6354449050417244,0.5734085497545228,0.1054439968497462,0.7438443300194303
positive_emotion,-0.05611099124467868,-0.085971698486894,0.19311829296815686,0.17141573914438413,0.1674273616925559,2.524068381209786e-05,0.29662375730202123,0.40916987721269604,0.0003024293910863939
power,-0.07939877507010551,0.07071423016845588,-0.07285379489700106,0.049821497718909494,0.18117427329396163,0.06406162796045632,0.1209082688544267,0.41469793783240483,0.13008432616460008
pride,-0.07018684811206537,-0.023444624208364927,-0.024164874452989732,0.07198760449693675,0.6412031289007989,0.5072559807871022,0.15917259216544904,0.8254264466186968,0.6080960251604418
prison,0.03204589294217422,0.019663718102349736,-0.04491521766464168,0.25319126553686755,0.597766048518001,0.1155803770359296,0.39673277040816257,0.7988159261846325,0.20677148637385454
programming,0.056452814053775904,-0.0549377053979522,0.00942107068797769,0.2129326451514172,0.38665431391578853,0.8373934751168286,0.3501950114473721,0.6531439595619416,0.8959209760658542
rage,-0.11661072190867733,0.06416763077288463,-0.06532180555320427,8.39194610336792e-05,0.17869857093937336,0.06916508833826973,0.001043748296606385,0.41469793783240483,0.13763852579315677
reading,0.012826524907302973,-0.0348764633668469,0.08231773550090042,0.7707290863749439,0.598108407042765,0.10936421449087486,0.8245972483258808,0.7988159261846325,0.2033969970437766
real_estate,0.037623407926924646,0.18610492715689522,-0.08547903835173568,0.40409972479307865,0.0016348628006726926,0.02884675250177628,0.5539009767953487,0.08133442433346645,0.06967386478798528
religion,-0.03709652261760003,0.10395413789749602,-0.04037737275575124,0.4085881267875231,0.10065761605549389,0.36774300599671206,0.5539009767953487,0.3395061965261574,0.4978289673016714
restaurant,-0.06638336456465413,0.010359416947790126,-0.034806507314103834,0.08117346066547504,0.8319745998164507,0.4409436227080763,0.17184844837140434,0.9095166837173003,0.569790785187709
ridicule,-0.016989435625595763,0.05657219789641469,-0.022019280923936197,0.6640239767463347,0.19555973213123823,0.4574399060486286,0.7465580303532239,0.4324042966012934,0.583529110921007
royalty,-0.04165963448743256,-0.007095429201315949,-0.054534959862810095,0.29333513127809163,0.8994791983298616,0.16772909669316705,0.4456006956056507,0.9355274219994777,0.27136658733284746
rural,0.023071926030125034,0.08062038100355774,-0.07868558693805629,0.5452431886579732,0.16106295982043528,0.015255205752596692,0.6472015568792212,0.4074996532816162,0.04336837063952488
sadness,-0.09201562759443069,-0.02491398797938003,0.036873106659416524,0.024141707192314798,0.6849473421678827,0.4455204422029041,0.07430027544146589,0.8260880066145978,0.5719907612798575
sailing,0.1581779423718114,-0.07784028826385692,-0.038807981290750033,0.0001503254527287296,0.14683227823768857,0.27509609836238136,0.0015744613206851153,0.38993522785131307,0.3942232314047978
school,0.12219272197056921,0.028752232324141567,0.017974284024250973,0.0033930936828290843,0.642397789846094,0.6877363318915826,0.015702921927511344,0.8254264466186968,0.7820544574081424
science,0.04209348967255125,0.03640806434665957,-0.03172598062199208,0.32847311154395475,0.5786454888707493,0.4873102035310375,0.48419369775738513,0.7988159261846325,0.5959719941955071
sexual,-0.014974188380197965,-0.03977505047679547,0.011661730489365859,0.6214982472688159,0.354653767225239,0.7388207824617579,0.7149026081300252,0.6245672537860404,0.8168074206104989
shame,-0.0439020201925402,-0.1528173022539566,0.16913430312159186,0.2216089433742301,0.028761338912075805,0.011050665797569864,0.3585380465973316,0.25041822246503714,0.03546907247929682
shape_and_size,0.08234733092652846,0.021884567269262453,0.01518515582600931,0.21688904676602172,0.7665476516300003,0.7945315967459233,0.3537780352986748,0.8920642261659069,0.8639988401772609
ship,0.15206144012569586,-0.010368861605377632,-0.08136132250542771,0.0004864557613626762,0.8550900200987636,0.0036751505642226728,0.00460974745291298,0.9099621069500211,0.016328916957801427
shopping,-0.0838988982081641,0.0880898477597568,-0.06742826622068057,0.06620634345632789,0.1291060319462359,0.15829244718487512,0.15143749825068104,0.38049254061281074,0.264707537729329
sleep,6.450018124933151e-05,0.07534936209903964,-0.11161271141775368,0.9987178162547399,0.16860266297206572,0.0042272789628917794,0.9987178162547399,0.40916987721269604,0.01722406479425912
smell,-0.18088613992179992,0.08045980193625203,-0.27491784310092776,4.6632982479445066e-05,0.1304555172529221,1.0088132395014218e-09,0.0008235227588177014,0.38049254061281074,1.0655652679859638e-07
social_media,0.050115811597617875,0.00298872148198861,-0.022935950047886806,0.10582242415859014,0.9562913892411249,0.5375737496914763,0.21271376169251957,0.9725559432660374,0.6367689058845464
sound,-0.13584034876813786,-0.0018526828541326696,-0.19388370638106917,0.0013902539740867472,0.9730896423820742,1.285043282314767e-05,0.008740225941816757,0.9767683181946349,0.00021310301098386553
speaking,0.059275320731174294,-0.11584853405251616,0.3726270589158247,0.12344309369937677,0.16177121914194814,2.213966095900771e-08,0.23395405377310458,0.4074996532816162,1.1014481327106336e-06
sports,-0.01213197283854774,0.06599594869369556,-0.06589139561732588,0.7269616447166998,0.18130010347446845,0.04004921058560328,0.794864655486941,0.41469793783240483,0.09056582848335287
stealing,0.005295175227815687,0.1427102074550804,0.01043259324807119,0.8650705727603935,0.004262195662051266,0.6992215270949944,0.9108415025360757,0.1054439968497462,0.7905970675676357
strength,0.03587255658381306,-0.024585652821657145,0.16191126029612146,0.34562056415129505,0.6722448640653933,0.004246463656289499,0.49480929687847275,0.8254264466186968,0.01722406479425912
suffering,-0.07027272998430127,-0.0025648138527008795,-0.016753628715045328,0.070175581096761,0.9605232386533336,0.6702655157555173,0.15690944537365661,0.9725559432660374,0.7688053216650191
superhero,-0.05303192504243256,0.03541054597801243,-0.10184235678525097,0.08951176936926641,0.39202187752698314,2.225124076775378e-05,0.1836375474689074,0.6531439595619416,0.0003024293910863939
surprise,-0.11139742107895871,-0.045321442086728614,0.032226726086198414,0.00286056469325153,0.39369502533330747,0.4762631563585813,0.01368181602002098,0.6531439595619416,0.5923523007209854
swearing_terms,-0.010168537912145666,0.005238054155162064,-0.01973960505979457,0.7639845243560067,0.892702448743515,0.3539356708260344,0.8217995694424072,0.934988354210313,0.4886855377409088
swimming,0.0727371811536474,-0.03856889025233155,-0.06859258565172084,0.05459225832188825,0.4232782668109142,0.04317100010615784,0.12933165959590193,0.6848160576859506,0.09587970572089798
sympathy,-0.03513774343035705,-0.04773437266072963,0.17989317933776214,0.38802342954558744,0.5066724882184496,0.014953789291434262,0.5437793132364218,0.7501239719618461,0.04336837063952488
technology,-0.01458134772804576,0.0660787692074633,-0.08862506857709994,0.7538825134873498,0.319731560729281,0.04384448854573726,0.815340327086862,0.5959042919624598,0.09587970572089798
terrorism,-0.10843982946941189,0.1582228875571742,-0.09218556475435608,0.000688792835372537,0.002600332039518812,0.012065410836907433,0.006127524563778397,0.10349321517284872,0.03811137708800919
timidity,0.08448539235129177,-0.13087698829969813,-0.09949253326394614,0.11202262159678916,0.041762385638566546,0.0066843599123470165,0.21855393821334357,0.2597098356898357,0.023336624957141335
tool,0.052100692320006345,-0.008874327150462628,-0.0075167044495922895,0.09159251983420989,0.8524873666019515,0.7994305095100867,0.1859888923164058,0.9099621069500211,0.8646014749592785
torment,-0.0625699805619412,0.028596265438368733,-0.030750445363246493,0.028339839441710948,0.515672276982575,0.4015627390751867,0.08173373983913737,0.7501239719618461,0.5292118216951136
tourism,0.1192275149921929,0.04531556986934158,-0.0194571410071066,0.001659634413220892,0.45912672241673746,0.5821355665115446,0.009943401385634548,0.7194190374876438,0.6854732410402212
toy,-0.10694074272065165,0.05568448467817496,-0.03788275539819119,0.001201667580028174,0.2525970323624239,0.31447893244586445,0.008245925807779539,0.5182145303105398,0.44035367420281674
traveling,0.003626674657646667,0.05892737350771672,0.0023008917963452404,0.9322279171086992,0.2772346739843725,0.9581613321749641,0.9612090958789179,0.5462346546820805,0.9728270668511115
trust,-0.025064103818678195,0.0027513840720657214,0.1391843935084268,0.5172127762847497,0.9627815116754239,0.014155171525080163,0.624151777851169,0.9725559432660374,0.042042972141656004
ugliness,-0.022923514274218185,0.011616076190985258,-0.062487412708850346,0.4710067884736423,0.8173007740803654,0.15028648148577003,0.5970086044984384,0.9095166837173003,0.255051439306942
urban,0.10033017203012445,0.1174256366109357,-0.08537516505294845,0.025434548955237227,0.07732834715969047,0.003856578376968176,0.07554440659839116,0.30173217813290987,0.016328916957801427
vacation,-0.019794197872521097,0.03475034063710714,-0.08842750518592776,0.6830393446715477,0.47644553813556545,0.021590376947714016,0.7604954216647322,0.7407239225701369,0.054385886235380876
valuable,0.02284420951819766,-0.04144860651730335,0.10086391433134646,0.4343641725616728,0.4968545599155446,0.055509206261905496,0.5641425180124361,0.7490458895696468,0.11627717943283361
vehicle,0.19084251109849507,0.037977272197756255,-0.043165099046924914,2.8250973658634914e-08,0.5947488569374844,0.15123653185034752,2.810971879034174e-06,0.7988159261846325,0.255051439306942
violence,0.0006969743642809698,-0.08158241973879601,0.1464765799055318,0.9843665641059266,0.14705787422835118,0.005338138944792914,0.9893381124094919,0.38993522785131307,0.020043200943656414
war,-0.09756689477927573,0.12822607027420793,-0.03392860231682136,0.0007936042507607054,0.021270137072191362,0.36700798560244174,0.006317089836055216,0.25041822246503714,0.4978289673016714
warmth,-0.023090701233296106,-0.0018873581692893703,-0.277110552236596,0.6564410780252271,0.9767683181946349,1.0709198673225767e-09,0.7422259916307965,0.9767683181946349,1.0655652679859638e-07
water,0.095595383275562,-0.10883289633203025,-0.12473068133283446,0.013835934522008706,0.04727264922314616,0.0017179505188097731,0.05006092672508605,0.26102207486465734,0.009496448701198468
weakness,-0.06486389922063321,0.14295005872096594,-0.25614231646021923,0.17382738022525746,0.019205149863368902,3.969885099357364e-08,0.2982038678002262,0.25041822246503714,1.5717910825114264e-06
wealthy,-0.07861463577505463,0.10059199731370264,-0.05686631285355998,0.021826523551520545,0.02290457750062113,0.08458202229764014,0.0696747020815484,0.25041822246503714,0.16501786703167048
weapon,-0.04099739693306839,0.07434484363079744,-0.09233383915826929,0.1707473338913762,0.11035712811826179,0.005814117663073233,0.29662375730202123,0.3542107821860338,0.021426100276880987
weather,0.06262089820652439,-0.06652923914371808,-0.25251077128619326,0.19425589594395432,0.29021829345986094,4.7390685904867126e-08,0.3276010448546348,0.5650911012602932,1.5717910825114264e-06
wedding,0.036380509467402754,-0.01167711311631078,0.06295733512209509,0.37310013388988894,0.8437788297565274,0.18594434864780096,0.5265739478304107,0.9095166837173003,0.2913576988019771
white_collar_job,0.006953553431986729,0.17088381755030174,-0.024256925314611443,0.8287165416587485,0.003711310760073155,0.4798316688449248,0.8772052754792072,0.1054439968497462,0.5930838639760251
work,0.12286430807574453,0.057425393783785514,0.009719179266096062,0.06395098580411539,0.43754854228215523,0.7341676321077718,0.14927683131227226,0.7021948380173297,0.8161975351365731
worship,-0.08333234613441669,0.10161123917527635,-0.0351068657737086,0.0069494955670137,0.04021058481428695,0.38409348935616616,0.027658992356714526,0.2581260121949388,0.5129839220260206
writing,0.10538822914925648,-0.08787881302314099,0.1474162786457638,0.015118574082657515,0.14245005930656904,0.0002789712998802946,0.052782390218400796,0.38993522785131307,0.001982688881292094
youth,-0.0312110896950124,0.07458324567846568,-0.019765765638156567,0.4147298770980249,0.1382083888012363,0.6466162111624161,0.5539009767953487,0.38993522785131307,0.752494889013572
zest,-0.12395246582497249,-0.022080665063576314,-0.08089441079823122,0.0024861617555437315,0.657290186272675,0.033123539295531315,0.012368654733830064,0.8254264466186968,0.07664632930012479
